№,Наименование,Цена,Ссылка
1,Люстра Ливсден Brown,18 990,https://www.divan.ru/product/lyustra-livsden-brown
2,Подвесной светильник Ливсден Brown,4690,https://www.divan.ru/product/podvesnoj-svetilnik-livsden-brown
3,Настольная лампа Ливсден Brown,8590,https://www.divan.ru/product/nastolnaya-lampa-livsden-brown
4,Торшер Ливсден Brown,11 990,https://www.divan.ru/product/torsher-livsden-brown
5,Бра Флиммер Black,1690,https://www.divan.ru/product/bra-flimmer-black
6,Люстра Флиммер Black,7990,https://www.divan.ru/product/lyustra-flimmer-black
7,Подвесной светильник Флиммер Black,1890,https://www.divan.ru/product/podvesnoj-svetilnik-flimmer-black
8,Настольная лампа Флиммер Black,2990,https://www.divan.ru/product/nastolnaya-lampa-flimmer-black
9,Торшер Флиммер Black,4990,https://www.divan.ru/product/torsher-flimmer-black
10,Настольная лампа Нидлс Raffia Beige,4990,https://www.divan.ru/product/nastolnaya-lampa-nidls-raffia-beige
11,Люстра Гейза Black,9990,https://www.divan.ru/product/lyustra-gejza-black
12,Настольная лампа Гейза Black,3990,https://www.divan.ru/product/nastolnaya-lampa-gejza-black
13,Настольная лампа Гейза Pink,3990,https://www.divan.ru/product/nastolnaya-lampa-gejza-pink
14,Настольная лампа Гейза Blue,3990,https://www.divan.ru/product/nastolnaya-lampa-gejza-blue
15,Настольная лампа Гейза Orange,3990,https://www.divan.ru/product/nastolnaya-lampa-gejza-orange
16,Настольная лампа Алней Black,3990,https://www.divan.ru/product/nastolnaya-lampa-alnej-black
17,Настольная лампа Алней Beige,3990,https://www.divan.ru/product/nastolnaya-lampa-alnej-beige
18,Настольная лампа Алней Green,3990,https://www.divan.ru/product/nastolnaya-lampa-alnej-green
19,Настольная лампа Алней Orange,3990,https://www.divan.ru/product/nastolnaya-lampa-alnej-orange
20,Торшер Алней Green,7990,https://www.divan.ru/product/torsher-alnej-green
21,Торшер Алней Black,7990,https://www.divan.ru/product/torsher-alnej-black
22,Торшер Алней Orange,7990,https://www.divan.ru/product/torsher-alnej-orange
23,Торшер Алней Beige,7990,https://www.divan.ru/product/torsher-alnej-beige
24,Настольная лампа Арбет Orange,1990,https://www.divan.ru/product/nastolnaya-lampa-arbet-orange
25,Настольная лампа Арбет Silver,3390,https://www.divan.ru/product/nastolnaya-lampa-arbet-silver
26,Настольная лампа Арбет Beige,1990,https://www.divan.ru/product/nastolnaya-lampa-arbet-beige
27,Настольная лампа Арбет White,2390,https://www.divan.ru/product/nastolnaya-lampa-arbet-white
28,Настольная лампа Арбет Black,1990,https://www.divan.ru/product/nastolnaya-lampa-arbet-black
29,Настольная лампа Синдри Grey,4390,https://www.divan.ru/product/nastolnaya-lampa-sindri-grey
30,Люстра Синдри Black,12 990,https://www.divan.ru/product/lyustra-sindri-black
31,Настольная лампа Манэт White,2690,https://www.divan.ru/product/nastolnaya-lampa-manet-white
32,Настольная лампа Леррет Beige,3990,https://www.divan.ru/product/nastolnaya-lampa-lerret-beige
33,Настольная лампа Леррет White,2590,https://www.divan.ru/product/nastolnaya-lampa-lerret-white
34,Настольная лампа Истад Black,1690,https://www.divan.ru/product/nastolnaya-lampa-istad-black
35,Настольная лампа Истад White,1690,https://www.divan.ru/product/nastolnaya-lampa-istad-white
36,Люстра Боллар White,22 990,https://www.divan.ru/product/lyustra-bollar-white
37,Настольная лампа Рибе Black,1990,https://www.divan.ru/product/nastolnaya-lampa-ribe-black
38,Настольная лампа Рибе Orange,1990,https://www.divan.ru/product/nastolnaya-lampa-ribe-orange
39,Настольная лампа Снибальд White,790,https://www.divan.ru/product/nastolnaya-lampa-snibald-white
40,Настольная лампа Спайк Pink,1390,https://www.divan.ru/product/nastolnaya-lampa-spajk-pink
41,Настольная лампа Спайк White,1390,https://www.divan.ru/product/nastolnaya-lampa-spajk-white
42,Настольная лампа Астри Black,1390,https://www.divan.ru/product/nastolnaya-lampa-astri-black
43,Настольная лампа Астри Beige,1390,https://www.divan.ru/product/nastolnaya-lampa-astri-beige
44,Подвесной светильник Клауд White,9990,https://www.divan.ru/product/podvesnoj-svetilnik-klaud-white
45,Торшер Клауд White,18 290,https://www.divan.ru/product/torsher-klaud-white
46,Настольная лампа Клауд White,15 990,https://www.divan.ru/product/nastolnaya-lampa-klaud-white
47,Настольная лампа Машрум Olive,3990,https://www.divan.ru/product/nastolnaya-lampa-mashrum-olive
48,Настольная лампа Машрум Pink,3990,https://www.divan.ru/product/nastolnaya-lampa-mashrum-pink
49,Подвесной светильник Селау-2 Glass,3990,https://www.divan.ru/product/podvesnoj-svetilnik-selau-2-glass
50,Бра Пинна Black,6990,https://www.divan.ru/product/bra-pinna-black
51,Бра Бьйорк White,2490,https://www.divan.ru/product/bra-bjork-white
52,Настольная лампа Арвика Wood,5990,https://www.divan.ru/product/nastolnaya-lampa-arvika-wood
53,Настольная лампа Бьйорк White,3990,https://www.divan.ru/product/nastolnaya-lampa-bjork-white
54,Торшер Бьйорк White,10 990,https://www.divan.ru/product/torsher-bjork-white
55,Торшер Логмар Silver,16 990,https://www.divan.ru/product/torsher-logmar-silver
56,Торшер Логмар Black,16 990,https://www.divan.ru/product/torsher-logmar-black
57,Подвесной светильник Инлада Wood,9990,https://www.divan.ru/product/podvesnoj-svetilnik-inlada-wood
58,Подвесной светильник Фюн White,4490,https://www.divan.ru/product/podvesnoj-svetilnik-fyun-white
59,Подвесной светильник Гронтри-2 Wood,13 990,https://www.divan.ru/product/podvesnoj-svetilnik-grontri-2-wood
60,Подвесной светильник Гронтри-1 Wood,13 990,https://www.divan.ru/product/podvesnoj-svetilnik-grontri-1-wood
61,Подвесной светильник Гронтри Wood,10 990,https://www.divan.ru/product/podvesnoj-svetilnik-grontri-wood
62,Подвесной светильник Арвика Wood,7990,https://www.divan.ru/product/podvesnoj-svetilnik-arvika-wood
63,Подвесной светильник Скара Wood,3490,https://www.divan.ru/product/podvesnoj-svetilnik-skara-wood
64,Подвесной светильник Селау-1 Glass,4990,https://www.divan.ru/product/podvesnoj-svetilnik-selau-1-glass
65,Подвесной светильник Ферум Grey,2990,https://www.divan.ru/product/podvesnoj-svetilnik-ferum-grey
66,Подвесной светильник Ферум Black,3990,https://www.divan.ru/product/podvesnoj-svetilnik-ferum-black
67,Подвесной светильник Ферум Orange,4990,https://www.divan.ru/product/podvesnoj-svetilnik-ferum-orange
68,Бра Берит Black,4190,https://www.divan.ru/product/bra-berit-black
69,Бра Берит Orange,4990,https://www.divan.ru/product/bra-berit-orange
70,Бра Бракетт Black,4490,https://www.divan.ru/product/bra-brakett-black
71,Бра Бракетт White,4490,https://www.divan.ru/product/bra-brakett-white
72,Подвесной светильник Малинг Olive,6690,https://www.divan.ru/product/podvesnoj-svetilnik-maling-olive
73,Подвесной светильник Малинг Beige,6690,https://www.divan.ru/product/podvesnoj-svetilnik-maling-beige
74,Люстра Малинг Multi,17 990,https://www.divan.ru/product/lyustra-maling-multi
75,Торшер Осло Blue,17 990,https://www.divan.ru/product/torsher-oslo-blue
76,Торшер Осло Black,16 990,https://www.divan.ru/product/torsher-oslo-black
77,Торшер Энкель Black,5990,https://www.divan.ru/product/torsher-enkel-black
78,Настольная лампа Требен White,2990,https://www.divan.ru/product/nastolnaya-lampa-treben-white
79,Бра Смастен White,3990,https://www.divan.ru/product/bra-smasten-white
80,Бра Смастен Black,3990,https://www.divan.ru/product/bra-smasten-black
81,Подвесной светильник Бенфлит Black,6990,https://www.divan.ru/product/podvesnoj-svetilnik-benflit-black
82,Подвесной светильник Отра Wood,15 990,https://www.divan.ru/product/podvesnoj-svetilnik-otra-wood
83,Подвесной светильник Кронор White,7990,https://www.divan.ru/product/podvesnoj-svetilnik-kronor-white
84,Подвесной светильник Кронор Orange,6990,https://www.divan.ru/product/podvesnoj-svetilnik-kronor-orange
85,Подвесной светильник Исбит Transparent,7990,https://www.divan.ru/product/podvesnoj-svetilnik-isbit-transparent
86,Подвесной светильник Чинкве Silver,5990,https://www.divan.ru/product/podvesnoj-svetilnik-chinkve-silver
87,Подвесной светильник Чинкве Gold,5990,https://www.divan.ru/product/podvesnoj-svetilnik-chinkve-gold
88,Подвесной светильник Чинкве Gray,5990,https://www.divan.ru/product/podvesnoj-svetilnik-chinkve-gray
89,Светильник потолочный Орхус Black,15 990,https://www.divan.ru/product/svetilnik-potolochnyj-orhus-black
90,Светильник потолочный Орхус White,15 990,https://www.divan.ru/product/svetilnik-potolochnyj-orhus-white
91,Светильник потолочный Ринга Black,3990,https://www.divan.ru/product/svetilnik-potolochnyj-ringa-black
92,Светильник потолочный Ринга White,3990,https://www.divan.ru/product/svetilnik-potolochnyj-ringa-white
93,Светильник потолочный Лаго White,10 990,https://www.divan.ru/product/svetilnik-potolochnyj-lago-white
94,Подвесной светильник Рена Green,3990,https://www.divan.ru/product/podvesnoj-svetilnik-rena-green
95,Подвесной светильник Рена White,3990,https://www.divan.ru/product/podvesnoj-svetilnik-rena-white
96,Подвесной светильник Бейла Black,5990,https://www.divan.ru/product/podvesnoj-svetilnik-bejla-black
97,Подвесной светильник Квина Black,6290,https://www.divan.ru/product/podvesnoj-svetilnik-kvina-black
98,Подвесной светильник Намсен Black,10 290,https://www.divan.ru/product/podvesnoj-svetilnik-namsen-black
99,Настольная лампа Требен Orange,2990,https://www.divan.ru/product/nastolnaya-lampa-treben-orange
100,Подвесной светильник Кая White,2990,https://www.divan.ru/product/podvesnoj-svetilnik-kaya-white
101,Торшер Осло White,16 990,https://www.divan.ru/product/torsher-oslo-white
102,Подвесной светильник Портланд Black,3590,https://www.divan.ru/product/podvesnoj-svetilnik-portland-black
103,Подвесной светильник Сансет Black,5990,https://www.divan.ru/product/podvesnoj-svetilnik-sanset-black
104,Настольная лампа Гросс White,4690,https://www.divan.ru/product/nastolnaya-lampa-gross-white
105,Подвесной светильник Бабл-9,22 590,https://www.divan.ru/product/podvesnoj-svetilnik-babl-9
106,Торшер Бабл-1,8690,https://www.divan.ru/product/torsher-babl-1
107,Подвесной светильник Бабл-3,7590,https://www.divan.ru/product/podvesnoj-svetilnik-babl-3
108,Бра Бабл Black,3190,https://www.divan.ru/product/bra-babl-black
109,Настольная лампа Дэнди Black,5990,https://www.divan.ru/product/nastolnaya-lampa-dendi-black
110,Настольная лампа Дэнди White,5990,https://www.divan.ru/product/nastolnaya-lampa-dendi-white
111,Торшер Варио White,7590,https://www.divan.ru/product/torsher-vario-white
112,Бра Варио Black,1490,https://www.divan.ru/product/bra-vario-black
113,Подвесной светильник Кэндел Black,3990,https://www.divan.ru/product/podvesnoj-svetilnik-kendel-black
114,Подвесной светильник Кэндел White,3990,https://www.divan.ru/product/podvesnoj-svetilnik-kendel-white
115,Торшер Мун Black,8990,https://www.divan.ru/product/torsher-mun-black
116,Бра Moderli Alina,2790,https://www.divan.ru/product/bra-moderli-alina
117,Подвесной светильник Маро Green,7590,https://www.divan.ru/product/podvesnoj-svetilnik-maro-green
118,Торшер Almeida-2,26 390,https://www.divan.ru/product/torsher-almeida-2
119,Настольная лампа Taeda,4990,https://www.divan.ru/product/nastolnaya-lampa-taeda
120,Бра Galdakao-1,6590,https://www.divan.ru/product/bra-galdakao
121,Настольная лампа Кей Grey,7490,https://www.divan.ru/product/nastolnaya-lampa-kej-grey
122,Торшер Билли White,19 690,https://www.divan.ru/product/torsher-billi-white
123,Подвесной светильник Ори Gold,3090,https://www.divan.ru/product/podvesnoj-svetilnik-ori-gold
124,Бра Bolla-Unica,5290,https://www.divan.ru/product/bra-bolla-unica
125,Подвесной светильник Онтарио Olive,10 490,https://www.divan.ru/product/podvesnoj-svetilnik-ontario-olive
126,Подвесной светильник Онтарио Brown,12 390,https://www.divan.ru/product/podvesnoj-svetilnik-ontario-brown
127,Настольная лампа Moderli Suspent,3990,https://www.divan.ru/product/nastolnaya-lampa-moderli-suspent
128,Подвесной светильник Онтарио Gray,12 390,https://www.divan.ru/product/podvesnoj-svetilnik-ontario-gray
129,Торшер Moderli Suspent,7590,https://www.divan.ru/product/torsher-moderli-suspent
130,Подвесной светильник Альта Black,4290,https://www.divan.ru/product/podvesnoj-svetilnik-alta-black
131,Подвесной светильник Narices-1,30 290,https://www.divan.ru/product/podvesnoj-svetilnik-narices-1
132,Подвесной светильник Селф Gold,4390,https://www.divan.ru/product/podvesnoj-svetilnik-self-gold
133,Подвесной светильник Кая Black,2890,https://www.divan.ru/product/podvesnoj-svetilnik-kaya-black
134,Подвесной светильник Эйр White,6290,https://www.divan.ru/product/podvesnoj-svetilnik-ejr-white
135,Подвесной светильник Селф White,4090,https://www.divan.ru/product/podvesnoj-svetilnik-self-white
136,Подвесной светильник Moderli Lewes,14 690,https://www.divan.ru/product/podvesnoj-svetilnik-moderli-lewes
137,Подвесной светильник Вэлли Gray,6490,https://www.divan.ru/product/podvesnoj-svetilnik-velli-gray
138,Бра Равелло Black,5890,https://www.divan.ru/product/bra-ravello-black
139,Подвесной светильник Талли Black,7490,https://www.divan.ru/product/podvesnoj-svetilnik-talli-black
140,Спот Лайт-1 White,2890,https://www.divan.ru/product/spot-lajt-1-white
141,Подвесной светильник Вэлли Olive,6490,https://www.divan.ru/product/podvesnoj-svetilnik-velli-olive
142,Подвесной светильник Полярик Silver,5590,https://www.divan.ru/product/podvesnoj-svetilnik-polyarik-silver
143,Бра Nevy Silver,8690,https://www.divan.ru/product/bra-nevy-silver
144,Подвесной светильник Агато Black,9490,https://www.divan.ru/product/podvesnoj-svetilnik-agato-black
145,Подвесной светильник Фиона Black,2990,https://www.divan.ru/product/podvesnoj-svetilnik-fiona-black
146,Подвесной светильник Moderli Alina,10 990,https://www.divan.ru/product/podvesnoj-svetilnik-moderli-alina
147,Настольная лампа Омаха White,8790,https://www.divan.ru/product/nastolnaya-lampa-omaha-white
148,Подвесной светильник Агато Brown,9490,https://www.divan.ru/product/podvesnoj-svetilnik-agato-brown
149,Подвесной светильник Moderli Host-1,4390,https://www.divan.ru/product/podvesnoj-svetilnik-moderli-host-1
150,Подвесной светильник Ори White,2990,https://www.divan.ru/product/podvesnoj-svetilnik-ori-white
151,Люстра Джеоми White,13 890,https://www.divan.ru/product/lyustra-djeomi-white
152,Подвесной светильник Селф Gray,3990,https://www.divan.ru/product/podvesnoj-svetilnik-self-gray
153,Подвесной светильник Эйр Brown,5990,https://www.divan.ru/product/podvesnoj-svetilnik-ejr-brown
154,Подвесной светильник Ридж White,3290,https://www.divan.ru/product/podvesnoj-svetilnik-ridj-white
155,Бра Брик Black,4190,https://www.divan.ru/product/bra-brik-black
156,Бра Твинки Grey,3690,https://www.divan.ru/product/bra-tvinki-grey
157,Настольная лампа Шоу Black,7190,https://www.divan.ru/product/nastolnaya-lampa-shou-black
158,Подвесной светильник Мантис Olive,17 990,https://www.divan.ru/product/podvesnoj-svetilnik-mantis-olive
159,Торшер Омаха White,9790,https://www.divan.ru/product/torsher-omaha-white
160,Подвесной светильник Онтарио Black,10 490,https://www.divan.ru/product/podvesnoj-svetilnik-ontario-black
161,Подвесной светильник Ори Black,3090,https://www.divan.ru/product/podvesnoj-svetilnik-ori-black
162,Подвесной светильник Фиона Gray,3090,https://www.divan.ru/product/podvesnoj-svetilnik-fiona-gray
163,Подвесной светильник Эйр Beige,5990,https://www.divan.ru/product/podvesnoj-svetilnik-ejr-beige
164,Подвесной светильник Клэри BLack,9490,https://www.divan.ru/product/podvesnoj-svetilnik-kleri-black
165,Подвесной светильник Альта Gold,4290,https://www.divan.ru/product/podvesnoj-svetilnik-alta-gold
166,Подвесной светильник Мантис Black,17 990,https://www.divan.ru/product/podvesnoj-svetilnik-mantis-black
167,Подвесной светильник Плейн White,10 990,https://www.divan.ru/product/podvesnoj-svetilnik-plejn-white
168,Подвесной светильник Лечче Mint,4590,https://www.divan.ru/product/podvesnoj-svetilnik-lechche-mint
169,Подвесной светильник Фиона White,2990,https://www.divan.ru/product/podvesnoj-svetilnik-fiona-white
170,Подвесной светильник Селф Black,4190,https://www.divan.ru/product/podvesnoj-svetilnik-self-black
171,Подвесной светильник Вэлли Brown,6490,https://www.divan.ru/product/podvesnoj-svetilnik-velli-brown
172,Подвесной светильник Ринна Black,5290,https://www.divan.ru/product/podvesnoj-svetilnik-rinna-black
173,Настольная лампа Отто Black,4490,https://www.divan.ru/product/nastolnaya-lampa-otto-black
174,Подвесной светильник Альта White,3990,https://www.divan.ru/product/podvesnoj-svetilnik-alta-white
175,Подвесной светильник Мантис Brown,17 990,https://www.divan.ru/product/podvesnoj-svetilnik-mantis-brown
176,Торшер Отто Black,7590,https://www.divan.ru/product/torsher-otto-black
177,Бра Техно Стрикт-1 Black,3590,https://www.divan.ru/product/bra-tehno-strikt-1-black
178,Подвесной светильник Ньютаун-1 Black,11 490,https://www.divan.ru/product/podvesnoj-svetilnik-nyutaun-1-black
179,Торшер Pinocchio,16 090,https://www.divan.ru/product/torsher-pinocchio
180,Настольная лампа Спайк Green,990,https://www.divan.ru/product/nastolnaya-lampa-spajk-green
181,Настольная лампа Машрум Gold,4990,https://www.divan.ru/product/nastolnaya-lampa-mashrum-gold
182,Торшер Рэй Black,5290,https://www.divan.ru/product/torsher-rej-black
183,Торшер Раффи Round,11 990,https://www.divan.ru/product/torsher-raffi-round
184,Торшер Гросс White,7990,https://www.divan.ru/product/torsher-gross-white
185,Торшер Moderli Floor White,6990,https://www.divan.ru/product/torsher-moderli-floor-white
186,Торшер Нидлс Khaki,14 990,https://www.divan.ru/product/torsher-nidls-khaki
187,Торшер Грено Black,11 990,https://www.divan.ru/product/torsher-greno-black
188,Настольная лампа Рэй Black,3590,https://www.divan.ru/product/nastolnaya-lampa-rej-black
189,Настольная лампа Раффи Round,6990,https://www.divan.ru/product/nastolnaya-lampa-raffi-round
190,Настольная лампа Гровер Glass,6490,https://www.divan.ru/product/nastolnaya-lampa-grover-glass
191,Торшер Вена Black,11 990,https://www.divan.ru/product/torsher-vena-black
192,Настольная лампа Сфера Orange,5390,https://www.divan.ru/product/nastolnaya-lampa-sfera-orange
193,Подвесной светильник Рэн Gray,8990,https://www.divan.ru/product/podvesnoj-svetilnik-ren-gray
194,Подвесной светильник Пескара Black,7190,https://www.divan.ru/product/podvesnoj-svetilnik-peskara-black
195,Подвесной светильник Лечче Rose,5090,https://www.divan.ru/product/podvesnoj-svetilnik-lechche-rose
196,Подвесной светильник Рэн Beige,8990,https://www.divan.ru/product/podvesnoj-svetilnik-ren-beige
197,Настольная лампа Флинт White,6990,https://www.divan.ru/product/torsher-flint-white
198,Подвесной светильник Рэн Gold,7990,https://www.divan.ru/product/podvesnoj-svetilnik-ren-gold
199,Торшер Флейк White,12 990,https://www.divan.ru/product/torsher-flejk-white
